{
	"Человек": [
		{
			"ДопОчки_Навыков": 10,
			"ДопКД": 20,
			"основная_длина_палки": 1,
			"Множитель_палки": 1,
			"Плюс_веса": 0,
			"Множитель_веса": 1,
			"Множитель_магУрона": 1,
			"Множитель_физУрона": 1,
			"Статы_Стандарт": [
				{
					"ловкость": [ 1, 0 ],
					"сила": [ 1, 0 ],
					"телосложение": [ 1, 0 ],
					"интеллект": [ 1, 0 ],
					"Мудрость": [ 1, 0 ],
					"харизма": [ 1, 0 ]
				}
			],
			"Способности": [],
			"Касты": []
		}
	],
	"Полурослик": [
		{
			"ДопОчки_Навыков": 0,
			"ДопКД": 0,
			"основная_длина_палки": 1,
			"Множитель_палки": 1,
			"Плюс_веса": 0,
			"Множитель_веса": 1,
			"Множитель_магУрона": 1,
			"Множитель_физУрона": 1,
			"Статы_Стандарт": [
				{
					"Ловкость": [ 2, 0 ]
				}
			],
			"Способности": [
				"Живчик|при ролле на единицу можно сделать один повторный бросок",
				"Карлан|низкий рост, позволяющий лезть куда угодно, легкий, можно брать и бросать и подобное",
				"50 кг ярости|кидает ролл с преимуществом против страха",
				"Чухля|Любые манипуляции с предметами, больше полурослика идут с помехой."
			],
			"Касты": []
		}
	],




	"Гном": [
		{
			"ДопОчки_Навыков": 0,
			"ДопКД": 0,
			"основная_длина_палки": 1,
			"Множитель_палки": 1,
			"Плюс_веса": 0,
			"Множитель_веса": 1,
			"Множитель_магУрона": 1,
			"Множитель_физУрона": 1,
			"Статы_Стандарт": [
				{
					"интеллект": [ 2, 0 ],
					"Харизма": [ 1, 0 ]
				}
			],
			"Способности": [ "Гномья хитрость|не может выпасть 1 при ролле на харизму" ],
			"Касты": []
		}
	],






	"Кованый": [
		{
			"ДопОчки_Навыков": 1,
			"ДопКД": 20,
			"основная_длина_палки": 1,
			"Множитель_палки": 0.5,
			"Плюс_веса": 0,
			"Множитель_веса": 1,
			"Множитель_магУрона": 1,
			"Множитель_физУрона": 1,
			"Статы_Стандарт": [
				{
					"Телосложение": [ 2, 0 ]
				}
			],
			"Способности": [ "Вы железный|Невозможно отравить. Невозможно принудительно усыпить и вырубить. Не нужно есть, спать и дышать. Игнорирует половину баффов/дебаффов брони(ОБЩЕЙ). Для лечения нужен ремкомплект, стандартный имеет 500 хп для хила. Весит 20 единиц. Чтобы создать ремкомплект, нужно 4 метал. ресурса." ],
			"Касты": []
		}
	],






	"Эльф": [
		{
			"ДопОчки_Навыков": 0,
			"ДопКД": 0,
			"основная_длина_палки": 1,
			"Множитель_палки": 1,
			"Плюс_веса": 0,
			"Множитель_веса": 1,
			"Множитель_магУрона": 1,
			"Множитель_физУрона": 1,
			"Статы_Стандарт": [
				{
					"Ловкость": [ 2, 0 ],
					"Мудрость": [ 1, 0 ]
				}
			],
			"Способности": [ "Сон для слабых|Невозможно принудительно усыпить и вырубить.Не нуждается во сне." ],
			"Касты": []
		}
	],







	"Дженази": [
		{
			"ДопОчки_Навыков": 0,
			"ДопКД": 0,
			"основная_длина_палки": 1,
			"Множитель_палки": 1,
			"Плюс_веса": 0,
			"Множитель_веса": 1,
			"Множитель_магУрона": 2,
			"Множитель_физУрона": 0.5,
			"Статы_Стандарт": [
				{
					"Телосложение": [ 1, 0 ],
					"Мудрость": [ 2, 0 ]
				}
			],
			"Способности": [ "Элементальный выродок|Иммунитет к своей стихии. Индивидуальные баффы от своей стихии.Получаемый физический урон уменьшен вдвое, получаемый магический урон увеличен вдвое. Противоположная стихия наносит трёхкратный урон.Может зачаровывать оружие своим элементом 3 раза за короткий отдых. Доп. урон: 20*уровень." ],
			"Касты": []
		}
	],








	"Орк": [
		{
			"ДопОчки_Навыков": 0,
			"ДопКД": 0,
			"основная_длина_палки": 1,
			"Множитель_палки": 1,
			"Плюс_веса": 0,
			"Множитель_веса": 1,
			"Множитель_магУрона": 1,
			"Множитель_физУрона": 1,
			"Статы_Стандарт": [
				{
					"Сила": [ 2, 0 ],
					"Телосложение": [ 1, 0 ]
				}
			],
			"Способности": [
				"Тёмное зрение|Может видеть в темноте.",
				"Тугодум|Все роллы на интеллект кидаются с помехой."
			],
			"Касты": []
		}
	],

















	"Орк маг": [
		{
			"ДопОчки_Навыков": 0,
			"ДопКД": 0,
			"основная_длина_палки": 1,
			"Множитель_палки": 1,
			"Плюс_веса": 0,
			"Множитель_веса": 1,
			"Множитель_магУрона": 1,
			"Множитель_физУрона": 1,
			"Статы_Стандарт": [
				{
					"Мудрость": [ 2, 0 ],
					"интеллект": [ 1, 0 ]
				}
			],
			"Способности": [
				"Тёмное зрение|Может видеть в темноте.",
				"Дрыщ|Все роллы на силу и телосложение кидаются с помехой."
			],
			"Касты": []
		}
	],








	"Голиаф": [
		{
			"ДопОчки_Навыков": 0,
			"ДопКД": 0,
			"основная_длина_палки": 1,
			"Множитель_палки": 1,
			"Плюс_веса": 0,
			"Множитель_веса": 1,
			"Множитель_магУрона": 1,
			"Множитель_физУрона": 1,
			"Статы_Стандарт": [
				{
					"Сила": [ 3, 0 ],
					"Телосложение": [ 2, 0 ]
				}
			],
			"Способности": [
				"Гигант|В помещениях дебафф к роллам -2",
				"Закаленный|Сопротивление к урону холодом."
			],
			"Касты": []
		}
	],








	"Полуэльф": [
		{
			"ДопОчки_Навыков": 1,
			"ДопКД": 0,
			"основная_длина_палки": 1,
			"Множитель_палки": 1,
			"Плюс_веса": 0,
			"Множитель_веса": 1,
			"Множитель_магУрона": 1,
			"Множитель_физУрона": 1,
			"Статы_Стандарт": [
				{
					"Харизма": [ 2, 0 ]

				}
			],
			"Способности": [
				"Тёмное зрение|Может видеть в темноте.",
				"Нехачу|Невозможно принудительно усыпить и вырубить."
			],
			"Касты": []
		}
	],













	"Полуорк": [
		{
			"ДопОчки_Навыков": 1,
			"ДопКД": 0,
			"основная_длина_палки": 1,
			"Множитель_палки": 1,
			"Плюс_веса": 0,
			"Множитель_веса": 1,
			"Множитель_магУрона": 1,
			"Множитель_физУрона": 1,
			"Статы_Стандарт": [
				{
					"Сила": [ 1, 0 ],
					"Телосложение": [ 1, 0 ]
				}
			],
			"Способности": [
				"Тёмное зрение|Может видеть в темноте.",
				"Крепыш|Может выдержать 1 смертельный удар(ниже 0 хп) и остаться с 1 хп - 1 раз за длинных отдых."
			],
			"Касты": []
		}
	],








	"Дварф": [
		{
			"ДопОчки_Навыков": 0,
			"ДопКД": 20,
			"основная_длина_палки": 1,
			"Множитель_палки": 1,
			"Плюс_веса": 0,
			"Множитель_веса": 1,
			"Множитель_магУрона": 1,
			"Множитель_физУрона": 1,
			"Статы_Стандарт": [
				{

					"интеллект": [ 2, 0 ]
				}
			],
			"Способности": [
				"Подземник|Позволяет видеть в темноте",
				"Перегар|Ролл на опьянение и против ядов, происходит с преимуществом"
			],
			"Касты": []
		}
	],











	"Кенку": [
		{
			"ДопОчки_Навыков": 1,
			"ДопКД": 0,
			"основная_длина_палки": 1,
			"Множитель_палки": 1,
			"Плюс_веса": 0,
			"Множитель_веса": 1,
			"Множитель_магУрона": 1,
			"Множитель_физУрона": 1,
			"Статы_Стандарт": [
				{
					"Ловкость": [ 2, 0 ],
					"Мудрость": [ 1, 0 ]
				}
			],
			"Способности": [
				"Мастер подделок|Вы можете копировать почерк и ремесло других существ",
				"Имитирование|Вы можете подражать звукам, которые вы слышали, включая голоса. Вы можете говорить только используя имитирование, то-есть чужими голосами ну или как бамблби рандом звуками хули.",
				"Курица|Вы не умеете летать, но можете медленно упасть игнорировав 50% урона."
			],
			"Касты": []
		}
	],








	"Людоящер": [
		{
			"ДопОчки_Навыков": 0,
			"ДопКД": 10,
			"основная_длина_палки": 1,
			"Множитель_палки": 1,
			"Плюс_веса": 0,
			"Множитель_веса": 1,
			"Множитель_магУрона": 1,
			"Множитель_физУрона": 1,
			"Статы_Стандарт": [
				{
					"Мудрость": [ 1, 0 ],
					"Телосложение": [ 2, 0 ]
				}
			],
			"Способности": [
				"Задерживание дыхания|Вы можете задержать свое дыхание на 15 минут за раз",
				"Природный доспех|У вас есть жёсткая, чешуйчатая кожа. Вы не можете носить доспех, но ваш КД(среднее) 13 + ваш модификатор Ловкости",
				"Укус|Ваша зубастая пасть — это природное оружие, которое вы можете использовать, чтобы совершить безоружный удар. Если вы наносите такой удар, вы наносите 40 колющего урона."
			],
			"Касты": []
		}
	],









	"Гифф": [
		{
			"ДопОчки_Навыков": 3,
			"ДопКД": 0,
			"основная_длина_палки": 1,
			"Множитель_палки": 1,
			"Плюс_веса": 500,
			"Множитель_веса": 1,
			"Множитель_магУрона": 1,
			"Множитель_физУрона": 1,
			"Статы_Стандарт": [
				{

				}
			],
			"Способности": [],
			"Касты": []
		}
	],










	"Три-крин": [
		{
			"ДопОчки_Навыков": 3,
			"ДопКД": 0,
			"основная_длина_палки": 1,
			"Множитель_палки": 1,
			"Плюс_веса": 0,
			"Множитель_веса": 1,
			"Множитель_магУрона": 1,
			"Множитель_физУрона": 1,
			"Статы_Стандарт": [
				{

				}
			],
			"Способности": [
				"Панцирь|Вы не можете носить доспех, ваш панцирь дарует вам Класс Доспеха, равный КД(средний) 13 + ваш модификатор Ловкости",
				"Бессонное восстановление|Вам не требуется сон, и вы можете оставаться в сознании во время продолжительного отдыха",
				"Вторые руки|У вас есть две второстепенные руки немного меньшего размера под вашей основной парой рук. Второстепенные руки могут манипулировать предметами, открывать или закрывать двери или контейнеры, поднимать или класть Крошечные предметы, кинжал к примеру",
				"Телепатия три-кринов|Без помощи магии вы не можете говорить на не три-кринских языках, которые вы знаете. Вместо этого вы используете телепатию для передачи своих мыслей. Вы обладаете магической способностью ментально общаться с любым количеством согласных существ в пределах 20 метров от вас. Если существо не согласно, то вам нужен тактильный контакт либо ролл на насильственную телепатию. Вам не надо знать язык существа, чтобы оно понимало ваши телепатические сообщения, но существо должно быть в состоянии понимать по крайней мере один язык. Но существо может ответить только на своём языке"
			],
			"Касты": []
		}
	],











	"Грунг": [
		{
			"ДопОчки_Навыков": 0,
			"ДопКД": 0,
			"основная_длина_палки": 1,
			"Множитель_палки": 1,
			"Плюс_веса": 0,
			"Множитель_веса": 1,
			"Множитель_магУрона": 1,
			"Множитель_физУрона": 1,
			"Статы_Стандарт": [
				{
					"Ловкость": [ 2, 0 ],
					"Телосложение": [ 1, 0 ]
				}
			],
			"Способности": [
				"Амфибия|Вы можете дышать воздухом и под водой",
				"Иммунитет к ядам|Вы имеете иммунитет к урону ядом и отравлению",
				"Гига-прыжок|Прыжок имеет высоту в 4 метра",
				"Ядовитая кожа|По своему желанию вы можете нанести отравление 1 уровня на существо, которое находится с вами в тесном контакте. Существо должно кинуть ролл на телосложение выше 10",
				"Зависимость от воды|Если вам не удастся погрузиться в воду хотя бы на 1 час в течение дня, вы получаете истощение в конце дня, которое даёт -4 к ловкости и телосложению."
			],
			"Касты": []
		}
	],





	"Тортл": [
		{
			"ДопОчки_Навыков": 0,
			"ДопКД": 30,
			"основная_длина_палки": 1,
			"Множитель_палки": 0.5,
			"Плюс_веса": 0,
			"Множитель_веса": 1,
			"Множитель_магУрона": 1,
			"Множитель_физУрона": 1,
			"Статы_Стандарт": [
				{
					"Мудрость": [ 2, 0 ],
					"Телосложение": [ 1, 0 ]
				}
			],
			"Способности": [
				"Задерживание дыхания|Вы можете задержать свое дыхание на 1 час за раз",
				"Природный доспех|Из-за вашего панциря и формы тела вы не можете носить доспехи",
				"Панцирная защита|Действием вы можете спрятаться в свой панцирь. Пока вы спрятаны, вы получаете бонус +20 к КД",
				"Черепашья нычка|У вас внутри панциря есть пространство, в которое можно спрятать вещи в суммарном весе не более 20% от вашей переносимости, а также сами вещи должны быть маленького размера"
			],
			"Касты": []
		}
	],






















	"Энт малый": [
		{
			"ДопОчки_Навыков": 0,
			"ДопКД": 0,
			"основная_длина_палки": 1,
			"Множитель_палки": 0.5,
			"Плюс_веса": 0,
			"Множитель_веса": 1,
			"Множитель_магУрона": 1,
			"Множитель_физУрона": 1,
			"Статы_Стандарт": [
				{
					"Ловкость": [ 2, 0 ]
				}
			],
			"Способности": [
				"Кожа-ель|Не может носить броню, чтобы напялить на себя ему нужно ее к себе приделать, потратив длинный отдых",
				"Сын пня|Вы можете говорить с любыми растениями",
				"Олух|Вы можете потратить короткий отдых, чтобы полностью замаскироваться под свой вид растения и чисто превратится в дерево",
				"Фотосинтез|Вы можете не спать, если есть солнечный свет. 4 часа под прямыми лучами солнца, равны отдыху и полному сну. Также вы считаетесь сытым до конца дня. Если вы не можете отдохнуть под солнечным светом, то вам нужно спать как обычному существу, потреблять воду и иметь под собой основу из земли(пища) либо поглощать растительные компоненты.",
				"Навозик|Зелья и касты хила на вас не работают, но ваши части тела могут отрасти обратно за несколько длинных отдыхов(зависит от конечности). Заклинание цветения хилит вас",
				"Дерево лол|Урон от огня усилен в 3 раза",
				"Тараторщик|Вы говорите и пишете очень быстро"
			],
			"Касты": []
		}
	],













	"Энт средний": [
		{
			"ДопОчки_Навыков": 0,
			"ДопКД": 0,
			"основная_длина_палки": 1,
			"Множитель_палки": 1,
			"Плюс_веса": 0,
			"Множитель_веса": 1,
			"Множитель_магУрона": 1,
			"Множитель_физУрона": 1,
			"Статы_Стандарт": [
				{
					"Мудрость": [ 1, 0 ],
					"Харизма": [ 1, 0 ]
				}
			],
			"Способности": [
				"Кожа-ель|Не может носить броню, чтобы напялить на себя ему нужно ее к себе приделать, потратив длинный отдых",
				"Сын пня|Вы можете говорить с любыми растениями",
				"Олух|Вы можете потратить короткий отдых, чтобы полностью замаскироваться под свой вид растения и чисто превратится в дерево",
				"Фотосинтез|Вы можете не спать, если есть солнечный свет. 4 часа под прямыми лучами солнца, равны отдыху и полному сну. Также вы считаетесь сытым до конца дня. Если вы не можете отдохнуть под солнечным светом, то вам нужно спать как обычному существу, потреблять воду и иметь под собой основу из земли(пища) либо поглощать растительные компоненты.",
				"Навозик|Зелья и касты хила на вас не работают, но ваши части тела могут отрасти обратно за несколько длинных отдыхов(зависит от конечности). Заклинание цветения хилит вас",
				"Дерево лол|Урон от огня усилен в 3 раза"
			],
			"Касты": []
		}
	],
























	"Энт большой": [
		{
			"ДопОчки_Навыков": 0,
			"ДопКД": 0,
			"основная_длина_палки": 1,
			"Множитель_палки": 1,
			"Плюс_веса": 0,
			"Множитель_веса": 1,
			"Множитель_магУрона": 1,
			"Множитель_физУрона": 1,
			"Статы_Стандарт": [
				{

					"Ловкость": [ -2, 0 ],
					"Телосложение": [ 1, 0 ],
					"Мудрость": [ 1, 0 ]
				}
			],
			"Способности": [
				"Кожа-ель|Не может носить броню, чтобы напялить на себя ему нужно ее к себе приделать, потратив длинный отдых",
				"Сын пня|Вы можете говорить с любыми растениями",
				"Олух|Вы можете потратить короткий отдых, чтобы полностью замаскироваться под свой вид растения и чисто превратится в дерево",
				"Фотосинтез|Вы можете не спать, если есть солнечный свет. 4 часа под прямыми лучами солнца, равны отдыху и полному сну. Также вы считаетесь сытым до конца дня. Если вы не можете отдохнуть под солнечным светом, то вам нужно спать как обычному существу, потреблять воду и иметь под собой основу из земли(пища) либо поглощать растительные компоненты.",
				"Навозик|Зелья и касты хила на вас не работают, но ваши части тела могут отрасти обратно за несколько длинных отдыхов(зависит от конечности). Заклинание цветения хилит вас",
				"Дерево лол|Урон от огня усилен в 3 раза",
				"Гигант|В помещениях дебафф к роллам -2",
				"Старичок|Вы начинаете говорить и писать в 3 раза медленнее"
			],
			"Касты": []
		}
	],

	"Энт гигантский": [
		{
			"ДопОчки_Навыков": 0,
			"ДопКД": 0,
			"основная_длина_палки": 1,
			"Множитель_палки": 1.5,
			"Плюс_веса": 0,
			"Множитель_веса": 1,
			"Множитель_магУрона": 1,
			"Множитель_физУрона": 1,
			"Статы_Стандарт": [
				{
					"Сила": [ 2, 0 ],
					"Ловкость": [ -5, 0 ]
				}
			],
			"Способности": [
				"Кожа-ель|Не может носить броню, чтобы напялить на себя ему нужно ее к себе приделать, потратив длинный отдых",
				"Сын пня|Вы можете говорить с любыми растениями",
				"Олух|Вы можете потратить короткий отдых, чтобы полностью замаскироваться под свой вид растения и чисто превратится в дерево",
				"Фотосинтез|Вы можете не спать, если есть солнечный свет. 4 часа под прямыми лучами солнца, равны отдыху и полному сну. Также вы считаетесь сытым до конца дня. Если вы не можете отдохнуть под солнечным светом, то вам нужно спать как обычному существу, потреблять воду и иметь под собой основу из земли(пища) либо поглощать растительные компоненты.",
				"Навозик|Зелья и касты хила на вас не работают, но ваши части тела могут отрасти обратно за несколько длинных отдыхов(зависит от конечности). Заклинание цветения хилит вас",
				"Дерево лол|Урон от огня усилен в 3 раза",
				"Тополь|Ваше действие занимает 2 хода, все действия с маленькими предметами происходят с помехой, -2 к увороту",
				"Гигантище|В помещениях дебафф к роллам -4",
				"Пенсия|Вы начинаете говорить и писать в 10 раз медленнее",
				"Руки-ковши|Ваши руки настолько большие, что вы можете переносить в каждой из них по 1-му большому существу или предмету, по 2 среднему и по 3 маленькому, а также из ваших рук можно сделать мини-домик."
			],
			"Касты": []
		}
	],

	"Мимик": [
		{
			"ДопОчки_Навыков": 0,
			"ДопКД": 0,
			"основная_длина_палки": 1,
			"Множитель_палки": 1,
			"Плюс_веса": 0,
			"Множитель_веса": 1,
			"Множитель_магУрона": 1,
			"Множитель_физУрона": 1,
			"Статы_Стандарт": [
				{
					"Телосложение": [ 1, 0 ],
					"Ловкость": [ 1, 0 ]
				}
			],
			"Способности": [ "Копирка|Один раз в день вы можете стать объектом, который вы когда-либо видели и он не больше и не меньше ⅓ вашего размера(ролл на телосложение). Мимикрируя под предмет, вы полностью копируете его свойства: запах, вкус, вес и т.д(есть ограничения). Будучи предметом вы можете отращивать конечности для передвижения. Нельзя скопировать живых существ, их части, стихии или элементы. Чтобы запомнить предмет, в которых вы захотите превратиться нужно кинуть ролл на мудрость. Если вы не выбрали форму для превращения в начале дня, то вы принимаете форму магической левитирующей сферы, при которой все ваши статы, хп, КД и длина хода делятся на 2. В данной форме вы не можете ходить сквозь что-либо и получаете х2 урон." ],
			"Касты": []
		}
	],
	"Скелет": [
		{
			"ДопОчки_Навыков": 0,
			"ДопКД": 0,
			"основная_длина_палки": 1,
			"Множитель_палки": 1,
			"Плюс_веса": 0,
			"Множитель_веса": 1,
			"Множитель_магУрона": 1,
			"Множитель_физУрона": 1,
			"Статы_Стандарт": [
				{
					"Телосложение": [ -1, 0 ],
					"Ловкость": [ 1, 0 ],
					"Харизма": [ 2, 0 ],
					"Выступление": [ 3, 0 ],
					"Запгивание": [ -1, 0 ]
				}
			],
			"Способности": [
				"Я магическая нежить!!|На тебя не действует яд и некротический урон и колющий урон. Ты не можешь спать. Зелья лечения проходят сквозь тебя (Не удивительно, да?). По тебе Божественный урон действует 2Х.",
				"Костевик|За счет своей магической природы ты можешь манипулировать своим телом почти как тебе захочется и ты можешь просто перемещаться как куча костей и пролезать в странные места, но ты не сможешь использовать оружие в этом состоянии.",
				"esqueleto divertido|Люди совсем тебя не бояться! Ты кажешься им забавным. +2 к харизме, -1 к запугиванию, +3 к выступлению. Ты можешь играть песенки на своей грудной клетке (НЕ ЗАХОДИТЕ В МОЙ САРАЙ!!!)."
			],
			"Касты": []
		}
	],



	"Скавен": [
		{
			"ДопОчки_Навыков": 0,
			"ДопКД": 0,
			"основная_длина_палки": 1.25,
			"Множитель_палки": 1,
			"Плюс_веса": 0,
			"Множитель_веса": 1,
			"Множитель_магУрона": 1,
			"Множитель_физУрона": 1,
			"Статы_Стандарт": [
				{
					"Сила": [ 0, 2 ],
					"Ловкость": [ 3, 0 ]
				}
			],
			"Способности": [
				"Тёмное зрение| Может видеть в темноте.",
				"Мутация когтей| С роллом 10+ на ловкость ты можешь забраться легко на любую стену высотой до 1 палки. Если же стена выше 1 палки ты можешь на ней закрепиться когтями как только дойдешь до 1 палки, дальше взбираться будет тяжело и ты не сможешь это сделать своими силами."
			],
			"Касты": []
		}
	]


}
